title,link,date
"CNBC: Stock Markets, Business News, Financials, Earnings",https://www.cnbc.com/,2024-12-19
Semiconductor Stocks And Chip Industry News | Stock News ...,https://www.investors.com/news/technology/chip-stocks-and-semiconductor-industry-news-intel-qualcomm-qorvo/,2024-12-19
Stock Market News - Bond Market - Currencies Markets - MarketWatch,https://www.marketwatch.com/markets,2024-12-19
"Micron Technology, Inc. (MU) Stock Price, News, Quote & History ...",https://finance.yahoo.com/quote/MU/,2024-12-19
Morningstar | Empowering Investor Success,https://www.morningstar.com/,2024-12-19
"Exela Technologies, Inc. (XELA) Stock Price, News, Quote & History ...",https://finance.yahoo.com/quote/XELA/,2024-12-19
Top Technology Stock News for Today | The Motley Fool,https://www.fool.com/tech-stock-news/,2024-12-19
MarketWatch: Stock Market News - Financial News - MarketWatch,https://www.marketwatch.com/,2024-12-19
HCL Technologies Ltd - Share/Stock Price,https://www.moneycontrol.com/india/stockpricequote/computers-software/hcltechnologies/HCL02,2024-12-19
Big Tech - Wikipedia,https://en.wikipedia.org/wiki/Big_Tech,2024-12-19
