title,url,created_utc
"And this is why, people get banned. ",https://i.redd.it/531irtrcr12d1.jpeg,1716413763.0
Tha stock,https://www.reddit.com/r/TSLA/comments/1hi1u6s/tha_stock/,1734638995.0
Why are we shitting the bed today?,https://www.reddit.com/r/TSLA/comments/1hhwiua/why_are_we_shitting_the_bed_today/,1734625224.0
Tesla Future,https://www.reddit.com/r/TSLA/comments/1hhwcet/tesla_future/,1734624760.0
$500,https://www.reddit.com/r/TSLA/comments/1hhk4t4/500/,1734580270.0
TSLA 475+ Todayü§òüèª,https://www.reddit.com/r/TSLA/comments/1hhtxfn/tsla_475_today/,1734618082.0
Pre market exploding ,https://www.reddit.com/r/TSLA/comments/1hhq1gu/pre_market_exploding/,1734604160.0
Buy Now,https://www.reddit.com/r/TSLA/comments/1hhaicv/buy_now/,1734552648.0
Tesla bull certificate 3x,https://www.reddit.com/r/TSLA/comments/1hhwcz5/tesla_bull_certificate_3x/,1734624802.0
Tesla can employ LiDAR while blaming NHTSA.,https://www.reddit.com/r/TSLA/comments/1hi1d68/tesla_can_employ_lidar_while_blaming_nhtsa/,1734637723.0
500?,https://www.reddit.com/r/TSLA/comments/1hhx752/500/,1734626993.0
Damn this was unexpected dip isn‚Äôt?,https://www.reddit.com/r/TSLA/comments/1hhbvaz/damn_this_was_unexpected_dip_isnt/,1734556184.0
$500 looks inevitable. $515 Dan Ives price target looks like it‚Äôll follow soon after,https://www.reddit.com/r/TSLA/comments/1hh5qso/500_looks_inevitable_515_dan_ives_price_target/,1734540381.0
"If you believe in the company, jump in for the 50% retrace then hold off until we approach earnings. ",https://www.reddit.com/r/TSLA/comments/1hheebf/if_you_believe_in_the_company_jump_in_for_the_50/,1734562898.0
350 by Dec 20,https://www.reddit.com/r/TSLA/comments/1hhdi2w/350_by_dec_20/,1734560456.0
Dumped half shares at 463,https://www.reddit.com/r/TSLA/comments/1hguq20/dumped_half_shares_at_463/,1734499633.0
Would you buy at this price,https://www.reddit.com/r/TSLA/comments/1hguegk/would_you_buy_at_this_price/,1734498396.0
Sold too early,https://www.reddit.com/r/TSLA/comments/1hgkur3/sold_too_early/,1734469676.0
Holy Crashing Stock Batman!,https://www.reddit.com/r/TSLA/comments/1hhc45e/holy_crashing_stock_batman/,1734556833.0
I have 3200 shares at $190 a share. ,https://www.reddit.com/r/TSLA/comments/1hg61t8/i_have_3200_shares_at_190_a_share/,1734423127.0
FOMO Rally ,https://www.reddit.com/r/TSLA/comments/1hgiqjn/fomo_rally/,1734464007.0
Under $470?  What's going on?,https://www.reddit.com/r/TSLA/comments/1hh9m2v/under_470_whats_going_on/,1734550352.0
What do you think Tesla high for today will be,https://www.reddit.com/r/TSLA/comments/1hh4bm5/what_do_you_think_tesla_high_for_today_will_be/,1734536594.0
Pls help I need advice,https://www.reddit.com/r/TSLA/comments/1hh3xgd/pls_help_i_need_advice/,1734535518.0
Buy Y get 3 Lease Free - wish it comes true,https://www.reddit.com/r/TSLA/comments/1hh2k4t/buy_y_get_3_lease_free_wish_it_comes_true/,1734531549.0
Is this not extreme,https://www.reddit.com/r/TSLA/comments/1hg9te3/is_this_not_extreme/,1734439456.0
A Big Thanks to Elon Musk and the Tesla Team,https://www.reddit.com/r/TSLA/comments/1hg32n4/a_big_thanks_to_elon_musk_and_the_tesla_team/,1734411080.0
Thoughts on writing TSLA credit call spreads at these highs?,https://www.reddit.com/r/TSLA/comments/1hgm3gw/thoughts_on_writing_tsla_credit_call_spreads_at/,1734472959.0
500+,https://www.reddit.com/r/TSLA/comments/1hg1rwu/500/,1734406617.0
Tesla started their lithium refinery today!?!,https://www.reddit.com/r/TSLA/comments/1hfvuu9/tesla_started_their_lithium_refinery_today/,1734389071.0
At this point $500 is all but certain before end of 2024,https://www.reddit.com/r/TSLA/comments/1hfn2vy/at_this_point_500_is_all_but_certain_before_end/,1734366822.0
TSLA &amp; BTC ATH,https://www.reddit.com/r/TSLA/comments/1hg675v/tsla_btc_ath/,1734423821.0
Zhould I enter into the tesla stock now?,https://www.reddit.com/r/TSLA/comments/1hg2yaq/zhould_i_enter_into_the_tesla_stock_now/,1734410633.0
Take profits,https://www.reddit.com/r/TSLA/comments/1hfnzyo/take_profits/,1734369199.0
Will I make my Daddy proud?,https://www.reddit.com/r/TSLA/comments/1hfynab/will_i_make_my_daddy_proud/,1734396847.0
Buy now or wait for a dip?,https://www.reddit.com/r/TSLA/comments/1hg0fnr/buy_now_or_wait_for_a_dip/,1734402303.0
Are we having fun yet?,https://www.reddit.com/r/TSLA/comments/1hg8ku5/are_we_having_fun_yet/,1734434678.0
Tesla Stock split,https://www.reddit.com/r/TSLA/comments/1hg0nue/tesla_stock_split/,1734403036.0
Take a break from work?,https://www.reddit.com/r/TSLA/comments/1hfw4n9/take_a_break_from_work/,1734389807.0
FSD robustness,https://www.reddit.com/r/TSLA/comments/1hgav44/fsd_robustness/,1734442905.0
Wedbush Dan Ives raises price target from $400 to $515. Two weeks ago he raised the price target from $300 to $400. ,https://www.reddit.com/r/TSLA/comments/1hfd98o/wedbush_dan_ives_raises_price_target_from_400_to/,1734331216.0
Driver Profile Disappeared,https://www.reddit.com/r/TSLA/comments/1hfqw62/driver_profile_disappeared/,1734376416.0
TSLA near Peak Euphoria?,https://www.reddit.com/r/TSLA/comments/1hf5sk6/tsla_near_peak_euphoria/,1734306374.0
Question,https://www.reddit.com/r/TSLA/comments/1hfmyvf/question/,1734366542.0
Talk me in big Leaps Position and Timing,https://www.reddit.com/r/TSLA/comments/1hfmsf7/talk_me_in_big_leaps_position_and_timing/,1734366071.0
Question,https://www.reddit.com/r/TSLA/comments/1hfmyy0/question/,1734366546.0
$tsla,https://www.reddit.com/r/TSLA/comments/1hf290p/tsla/,1734296439.0
The Haters Can Stay in Their Mom‚Äôs Basement üöÄüìà,https://www.reddit.com/r/TSLA/comments/1hewbmr/the_haters_can_stay_in_their_moms_basement/,1734280501.0
Why being a long is amazing,https://www.reddit.com/r/TSLA/comments/1hetopd/why_being_a_long_is_amazing/,1734272963.0
Tesla Retailers - every kid should have at least 5 stocks for their future,https://www.reddit.com/r/TSLA/comments/1hezvr2/tesla_retailers_every_kid_should_have_at_least_5/,1734290035.0
Relatively new investor seriously regretting selling early.. do I buy back in?,https://www.reddit.com/r/TSLA/comments/1helrtv/relatively_new_investor_seriously_regretting/,1734240259.0
"TSLA short volume has only decreased about 15% (87million in July to 77m now), given that its almost 3X from the low, it seems the short squeeze has not happened yet?",https://www.reddit.com/r/TSLA/comments/1hefx29/tsla_short_volume_has_only_decreased_about_15/,1734220208.0
WHERE ARE THE SHORTS NOW!,https://www.reddit.com/r/TSLA/comments/1hekocc/where_are_the_shorts_now/,1734236110.0
1.5X Long TSLA Weekly ETF (TSLW),https://www.tradretfs.com/tslw-1.5x-long-tsla-weekly-etf,1734182173.0
To $500?,https://www.reddit.com/r/TSLA/comments/1hdpffx/to_500/,1734132636.0
What a week!,https://www.reddit.com/r/TSLA/comments/1hdmfls/what_a_week/,1734124287.0
Hidden Autopilot data reveals why Teslas crash - WSJ ,https://www.reddit.com/r/TSLA/comments/1he7l02/hidden_autopilot_data_reveals_why_teslas_crash_wsj/,1734196719.0
First TSLA investment,https://www.reddit.com/r/TSLA/comments/1hdk4l5/first_tsla_investment/,1734118056.0
Opinions/advice,https://www.reddit.com/r/TSLA/comments/1hd5dxc/opinionsadvice/,1734067756.0
Are you gonna expect to see a pullback before January 2025 after teslas insane bullrun?,https://www.reddit.com/r/TSLA/comments/1hco95g/are_you_gonna_expect_to_see_a_pullback_before/,1734019229.0
Dan Ives: Tesla will reach $2 Trillion MC by end of 2025!,https://x.com/DivesTech/status/1866955641862098998,1734005946.0
Tesla hits a new record high! üöÄ,https://www.reddit.com/r/TSLA/comments/1hcf0ur/tesla_hits_a_new_record_high/,1733984834.0
TSLA will be at $500 by the end of the month or sooner,https://www.reddit.com/r/TSLA/comments/1hc5sf2/tsla_will_be_at_500_by_the_end_of_the_month_or/,1733955587.0
"Did anyone else short this mofo at $300, or am I the only idiot?",https://www.reddit.com/r/TSLA/comments/1hc9ian/did_anyone_else_short_this_mofo_at_300_or_am_i/,1733966108.0
TSLA - Analyst 12 month performance vs their price targets for TSLA,https://www.reddit.com/r/TSLA/comments/1hcflc5/tsla_analyst_12_month_performance_vs_their_price/,1733987259.0
$420.79 hit,https://www.reddit.com/r/TSLA/comments/1hc2uus/42079_hit/,1733948082.0
420,https://www.reddit.com/r/TSLA/comments/1hc256z/420/,1733946322.0
TSLA to $7K by EOY 2025 ‚Äì Y'all Still Doubting? ü§°üöÄ,https://www.reddit.com/r/TSLA/comments/1hbxujj/tsla_to_7k_by_eoy_2025_yall_still_doubting/,1733935688.0
Light em up! ,https://www.reddit.com/r/TSLA/comments/1hc2foi/light_em_up/,1733947042.0
PE Ratio of 110,https://www.reddit.com/r/TSLA/comments/1hbs5gg/pe_ratio_of_110/,1733919336.0
$420 the next milestone?,https://www.reddit.com/r/TSLA/comments/1hb55k5/420_the_next_milestone/,1733846745.0
"What do people mean with ‚Äúdont try to time the market‚Äù?. Im pretty new, and in my opinion it sounds smart to wait for it to dip and then buy?",https://www.reddit.com/r/TSLA/comments/1hb3k4i/what_do_people_mean_with_dont_try_to_time_the/,1733842550.0
Perfect timing,https://www.reddit.com/r/TSLA/comments/1h9ymo1/perfect_timing/,1733708606.0
Tsla doing its thing already,https://www.reddit.com/r/TSLA/comments/1h9y34d/tsla_doing_its_thing_already/,1733706903.0
"Can TSLA stock pullback to $360 by year-end?

",https://www.reddit.com/r/TSLA/comments/1haosly/can_tsla_stock_pullback_to_360_by_yearend/,1733790020.0
Am I f***ed? ,https://www.reddit.com/r/TSLA/comments/1ha6tya/am_i_fed/,1733740214.0
How do you think xAI's relationship with Tesla impact TSLA's stock price? Would it have been better for TSLA to keep xAI's tech and employees under TSLA?,https://www.reddit.com/r/TSLA/comments/1h9ljn1/how_do_you_think_xais_relationship_with_tesla/,1733672677.0
Is it the right time to buy TSLA now or will the price decrease before January 2025?,https://www.reddit.com/r/TSLA/comments/1h8tbx8/is_it_the_right_time_to_buy_tsla_now_or_will_the/,1733580843.0
Need advice on selling? ,https://www.reddit.com/r/TSLA/comments/1h8sdqe/need_advice_on_selling/,1733577741.0
Yikes..üòÖ advice or help? ,https://www.reddit.com/r/TSLA/comments/1h8fynj/yikes_advice_or_help/,1733530892.0
My only concern for Tesla stock,https://www.reddit.com/r/TSLA/comments/1h8hhei/my_only_concern_for_tesla_stock/,1733535477.0
Anyone think there will be extra activity when stock hits $420.69?,https://www.reddit.com/r/TSLA/comments/1h7ex5z/anyone_think_there_will_be_extra_activity_when/,1733420563.0
"By the way, $TSLA did not sell their BTC!!!",https://www.teslarati.com/tesla-770-million-bitcoin-holdings/?utm_source=chatgpt.com,1733367929.0
Tesla Faces An Uphill Battle In 2025 (NASDAQ:TSLA),https://seekingalpha.com/article/4741770-tesla-faces-uphill-battle-in-2025,1733479183.0
Tesla's Self-Driving Narrative Is Falling Apart?,https://www.reddit.com/r/TSLA/comments/1h7y7je/teslas_selfdriving_narrative_is_falling_apart/,1733479920.0
Tesla's Exuberant Upswing: Is the Stock Price Nearing $400?,https://addxgo.io/community/9026454467104473530?s=reddit,1733363953.0
"Tesla's FSD Testing and the Misleading ""Tech Company"" Label",https://www.reddit.com/r/TSLA/comments/1h6jyyv/teslas_fsd_testing_and_the_misleading_tech/,1733329130.0
Tesla stock is extremely overvalued in my opinion.,https://www.reddit.com/r/TSLA/comments/1h54xej/tesla_stock_is_extremely_overvalued_in_my_opinion/,1733171468.0
Looking to buy a used Tesla ,https://www.reddit.com/r/TSLA/comments/1h63oni/looking_to_buy_a_used_tesla/,1733274264.0
Who Is American Fastest SUV In The World Right Now?,https://www.houseofamericancars.com/fastest-suv-in-the-world/,1732744954.0
What's the likelihood that we get $320 USD/share over the next few weeks?,https://www.reddit.com/r/TSLA/comments/1gunxms/whats_the_likelihood_that_we_get_320_usdshare/,1731987137.0
Tesla Energy cannot afford not to be in India,https://www.reddit.com/r/TSLA/comments/1gupbn5/tesla_energy_cannot_afford_not_to_be_in_india/,1731991685.0
Morgan Stanley says Tesla going $500 if Bull Case in Play?,https://www.reddit.com/r/TSLA/comments/1gtfssl/morgan_stanley_says_tesla_going_500_if_bull_case/,1731856874.0
TSLA Will hit $7000/share by EOY 2025. Mark my words !,https://www.reddit.com/r/TSLA/comments/1gtsx8t/tsla_will_hit_7000share_by_eoy_2025_mark_my_words/,1731892193.0
(Urgent Update news for acquirement of NVDA chips) Why xAI and Tesla(TSLA) are poised to dominate the AI Era,https://www.reddit.com/r/TSLA/comments/1grybj1/urgent_update_news_for_acquirement_of_nvda_chips/,1731683036.0
I think TSLA hitting $300 by EOD,https://www.reddit.com/r/TSLA/comments/1grwqsk/i_think_tsla_hitting_300_by_eod/,1731678498.0
Do you guys think TSLA will go up more once Trump is inaugurated or do you think the growth has already been priced in?,https://www.reddit.com/r/TSLA/comments/1grm5xf/do_you_guys_think_tsla_will_go_up_more_once_trump/,1731637948.0
So does it mean Elon now has 45 days to report sale of company stock?,https://www.reddit.com/r/TSLA/comments/1grccxv/so_does_it_mean_elon_now_has_45_days_to_report/,1731610893.0
Musk announced as head of DOGE ,https://www.reddit.com/r/TSLA/comments/1gq2jgm/musk_announced_as_head_of_doge/,1731464928.0
Tesla to the Moon,https://www.reddit.com/r/TSLA/comments/1gptga9/tesla_to_the_moon/,1731440515.0
Robinhood - Average price mysteriously  increased ,https://www.reddit.com/r/TSLA/comments/1gpyge9/robinhood_average_price_mysteriously_increased/,1731453211.0
Tesla saw non stop bullish flow again yesterday. Institutional orders are targeting return to ATH by year end. let's see!,https://www.reddit.com/r/TSLA/comments/1gpl8lw/tesla_saw_non_stop_bullish_flow_again_yesterday/,1731419682.0
Why is Tesla trading at $365 right now?,https://www.reddit.com/r/TSLA/comments/1gp9pt9/why_is_tesla_trading_at_365_right_now/,1731376570.0
Now I am turn into it,https://www.reddit.com/r/TSLA/comments/1gpicso/now_i_am_turn_into_it/,1731409932.0
"TSLA -&gt; $10k, $30T Market Cap",https://www.reddit.com/r/TSLA/comments/1gpb6pa/tsla_10k_30t_market_cap/,1731381061.0
"IRA, ITC, TSLA‚Ä¶what happens next?",https://www.reddit.com/r/TSLA/comments/1gpcor4/ira_itc_tslawhat_happens_next/,1731385967.0
Tsla,https://www.reddit.com/r/TSLA/comments/1gotnhv/tsla/,1731335909.0
Musk wants to cut $2 trillion from a $1.7 trillion budget,https://www.reddit.com/r/TSLA/comments/1gomwpx/musk_wants_to_cut_2_trillion_from_a_17_trillion/,1731310604.0
What's the Difference Between TSLA.EXT and just TSLA?,https://www.reddit.com/r/TSLA/comments/1gono70/whats_the_difference_between_tslaext_and_just_tsla/,1731314053.0
Could Tesla's Sky-High valation really be justified?,https://www.reddit.com/r/TSLA/comments/1gnv2j1/could_teslas_skyhigh_valation_really_be_justified/,1731222536.0
EV Stocks,https://www.reddit.com/r/TSLA/comments/1gnzccb/ev_stocks/,1731240792.0
"""Byzantine Rituals"" Won't Help Against Tesla. This aged like a Ch√¢teauneuf-du-Pape‚Ä¶ üç∑",https://www.chaotropy.com/teslas-triumphal-march-has-just-begun/,1731234373.0
Mars,https://www.reddit.com/r/TSLA/comments/1gnkj4p/mars/,1731187940.0
Tesla Open,https://www.reddit.com/r/TSLA/comments/1gnhk4f/tesla_open/,1731179757.0
Covered calls ,https://www.reddit.com/r/TSLA/comments/1gni7qb/covered_calls/,1731181536.0
Price going up like national debt ticker,https://www.reddit.com/r/TSLA/comments/1gmqac5/price_going_up_like_national_debt_ticker/,1731092657.0
Would you buy TSLA stocks now if you‚Äôre new to it?,https://www.reddit.com/r/TSLA/comments/1glrrwj/would_you_buy_tsla_stocks_now_if_youre_new_to_it/,1730989929.0
Why #Tesla Shares Surge Following Trump's Victory $tsla,https://www.reddit.com/r/TSLA/comments/1gl4ssz/why_tesla_shares_surge_following_trumps_victory/,1730916320.0
Do you think Tesla is a good investment?üìâüìà,https://www.reddit.com/r/TSLA/comments/1gl5th3/do_you_think_tesla_is_a_good_investment/,1730918870.0
How much more will Tesla stock go up? ,https://www.reddit.com/r/TSLA/comments/1gl9rt4/how_much_more_will_tesla_stock_go_up/,1730928794.0
Elon Musk and Putin - A concern,https://www.reddit.com/r/TSLA/comments/1gc6ahk/elon_musk_and_putin_a_concern/,1729894591.0
Baby Tesla yes or not??,https://www.reddit.com/r/TSLA/comments/1gciqdm/baby_tesla_yes_or_not/,1729941201.0
What is the reason for this huge decrease in OPEX?,https://www.reddit.com/r/TSLA/comments/1gc19we/what_is_the_reason_for_this_huge_decrease_in_opex/,1729881197.0
Tomorrow's prediction? ,https://www.reddit.com/r/TSLA/comments/1gbmdm0/tomorrows_prediction/,1729831613.0
Should I sell stock now?,https://www.reddit.com/r/TSLA/comments/1gbcxs5/should_i_sell_stock_now/,1729802768.0
Thoughts on tomorrow earnings? ,https://www.reddit.com/r/TSLA/comments/1g9zgj0/thoughts_on_tomorrow_earnings/,1729649090.0
Elon Musk responds to claim Tesla sales are impacted by Trump support,https://www.teslarati.com/elon-musk-responds-to-claims-tesla-sales-are-impacted-by-trump-support/amp/,1729536294.0
Am I the only one more bullish on robotics than anything else? ,https://www.thenew.money/article/robot-mania-is-running-rampant-on-wall-street,1728830962.0
Thoughts on Robotaxi,https://www.reddit.com/r/TSLA/comments/1g21r2p/thoughts_on_robotaxi/,1728744548.0
Optimus Demonstrations - fully AI or some human control?,https://www.reddit.com/r/TSLA/comments/1g1cmt3/optimus_demonstrations_fully_ai_or_some_human/,1728660926.0
Investing through ISA,https://www.reddit.com/r/TSLA/comments/1g1mka9/investing_through_isa/,1728687667.0
NotebookLM on Tonight's Robotaxi Event,https://www.reddit.com/r/TSLA/comments/1g0kxq7/notebooklm_on_tonights_robotaxi_event/,1728572731.0
TSLA Will Be $2000 Per Share Very Soon! Jump In,https://www.reddit.com/r/TSLA/comments/1g0uebe/tsla_will_be_2000_per_share_very_soon_jump_in/,1728597530.0
Tesla joins forces with‚Ä¶ McDonalds!?,https://x.com/mcdonalds/status/1841479384479240506,1727963869.0
Q3 2024 Deliveries and Deployments ,https://www.reddit.com/r/TSLA/comments/1fufy3m/q3_2024_deliveries_and_deployments/,1727874994.0
Genuine question about market valuation,https://www.reddit.com/r/TSLA/comments/1fu5pz6/genuine_question_about_market_valuation/,1727835632.0
"Why Retail Investors Are Choosing Moomoo Over Webull, TD Ameritrade, and Robinhood: An Exclusive Look at the Top Trading Platform",https://www.reddit.com/r/TSLA/comments/1fskipb/why_retail_investors_are_choosing_moomoo_over/,1727660984.0
I sell TSLA and buy MSTR,https://www.reddit.com/r/TSLA/comments/1fsn10z/i_sell_tsla_and_buy_mstr/,1727669239.0
TSLA EVENT 10/10 LOS ANGELES,https://www.reddit.com/r/TSLA/comments/1fq4ybm/tsla_event_1010_los_angeles/,1727379597.0
Tesla is set to üöÄ,https://finance.yahoo.com/news/tesla-stock-pops-amid-bullish-sales-forecast-as-robotaxi-unveiling-looms-181255883.html,1727280884.0
Confused about TSLA AI Strategy,https://www.reddit.com/r/TSLA/comments/1fkms3f/confused_about_tsla_ai_strategy/,1726757573.0
Should I buy more TSLA stock after FED rate cut?,https://www.reddit.com/r/TSLA/comments/1fkesjl/should_i_buy_more_tsla_stock_after_fed_rate_cut/,1726729025.0
Consider Buying Tesla Stock Before The Upcoming Robotaxi AI Event,https://seekingalpha.com/article/4721707-tesla-stock-consider-buying-before-the-upcoming-robotaxi-ai-event,1726619025.0
Which trim has red body &amp; black top?,https://www.reddit.com/r/TSLA/comments/1fi4zeg/which_trim_has_red_body_black_top/,1726494195.0
"""In the history of Space flight only four entities have launched a Space capsule into orbit and successfully brought it back to the Earth. The United States, Russia, China and Elon Musk.""",https://www.reddit.com/r/TSLA/comments/1fi5xtv/in_the_history_of_space_flight_only_four_entities/,1726496625.0
Is now a good time to short TSLA?,https://www.reddit.com/r/TSLA/comments/1ffu4ml/is_now_a_good_time_to_short_tsla/,1726232406.0
Is Tesla‚Äôs entire fleet capturing and transmitting training data back to mothership?,https://www.reddit.com/r/TSLA/comments/1ff3l25/is_teslas_entire_fleet_capturing_and_transmitting/,1726150426.0
"
Tesla Slips to 8th on WSB Despite AI Breakthrough and Record Sales in China",https://www.reddit.com/r/TSLA/comments/1ff1cr8/tesla_slips_to_8th_on_wsb_despite_ai_breakthrough/,1726144147.0
Musk Denies Report His xAI in Talks over Tesla Revenue,https://ttm.financial/news/2465165869,1725810172.0
"BREAKING: $TSLA MODEL Y IS #1 BEST SELLING EV IN CHINA, EUROPE, AND NORTH AMERICA",https://x.com/wholemarsblog/status/1830276005438656694?s=46&amp;t=ZnPtZ9FsMbXFVF0BEMqU2w,1725232822.0
Tesla Plans Robotaxi Reveal at California Warner Bros. Studio,https://www.bloomberg.com/news/articles/2024-08-30/tesla-plans-robotaxi-reveal-at-california-warner-bros-studio,1725170711.0
Can anyone explain the Cybertruck?,https://www.cnn.com/2024/08/29/business/cybertruck-tesla-nightcap/,1724953567.0
&amp;amp;#x27;Windfall&amp;amp;#x27; fees now less likely for lawyers who sued to cut Musk&amp;amp;#x27;s Tesla pay,https://www.reuters.com/business/autos-transportation/windfall-fees-now-less-likely-lawyers-who-sued-cut-musks-tesla-pay-2024-08-29/,1724931651.0
"Tesla could offer a new feature to help Cybertruck drivers who get stuck in mud, sand, or snow after viral mishaps",https://www.aol.com/tesla-could-offer-feature-help-114924591.html,1724855889.0
Tesla Ramps Up Cybertruck Production: Drone Footage Reveals Rows Of Stainless Steel Behemoths At Giga Texas - Tesla (NASDAQ:TSLA),https://www.benzinga.com/news/24/08/40542646/tesla-ramps-up-cybertruck-production-drone-footage-reveals-rows-of-stainless-steel-behemoths-at-giga,1724598605.0
AI thinks Tesla is a 3.5/5 investment right now. Do you agree or disagree?,https://nexustrade.io/share/66cc8f9343f0397aef729c5b,1724682334.0
"Elon musk has a potential seat in the White House, will be easier to sort out a corrupt judge from there ",https://www.reddit.com/r/TSLA/comments/1f15tj2/elon_musk_has_a_potential_seat_in_the_white_house/,1724617167.0
"Another Tesla veteran resigned, writing it was ‚Äòdefinitely not for the faint of heart‚Äô",https://finance.yahoo.com/news/another-tesla-veteran-resigned-writing-232108084.html,1724362160.0
what is the long term price target for y‚Äôall?,https://www.reddit.com/r/TSLA/comments/1ew5sqr/what_is_the_long_term_price_target_for_yall/,1724083890.0
Indians wanting their money back for undelivered Teslas shows how drastically the EV market changed,https://apnews.com/article/india-tesla-ev-musk-a3d121fe3de3059518f04ecf99bee959,1723651620.0
"Musk stirs UK divisions, sparks calls for faster rollout of online safety laws",https://www.reuters.com/technology/cybersecurity/musk-stirs-uk-divisions-sparks-calls-faster-rollout-online-safety-laws-2024-08-07/,1723065118.0
Does anyone use a leveraged TSLA short ETFs as a hedge during brief periods of volatility like earnings calls?,https://www.reddit.com/r/TSLA/comments/1efknhn/does_anyone_use_a_leveraged_tsla_short_etfs_as_a/,1722314363.0
"Japanese Automaker Nissan Lowers Its Profit Forecast amid Incentive, Inventory Woes",https://japannews.yomiuri.co.jp/business/companies/20240725-200703/,1722119683.0
Tesla's lawsuit against Rivian takes crazy turn,https://www.teslarati.com/tesla-lawsuit-against-rivian-takes-crazy-turn/,1721892078.0
Tesla profit plunges,https://www.cnn.com/2024/07/23/business/tesla-earnings/,1721774801.0
What happened ,https://www.reddit.com/r/TSLA/comments/1eb2inc/what_happened/,1721830443.0
Tesla Foundamentals,https://www.reddit.com/r/TSLA/comments/1e92ywh/tesla_foundamentals/,1721614141.0
You're Being Lied To. The EV Market Hasn't 'Stalled',https://insideevs.com/features/727285/is-the-ev-market-stalling/,1721491756.0
Tesla $TSLA gets its latest review from Jim Cramer: 'This thing has a lot of momentum,https://www.teslarati.com/tesla-tsla-jim-cramer-headed-back-one-trillion-market-cap/,1721591249.0
"Never bet against Elon! He decided to support the new administration, they will support him back!",https://www.reddit.com/r/TSLA/comments/1e8xkne/never_bet_against_elon_he_decided_to_support_the/,1721598522.0
Microsoft-CrowdStrike issue causes 'largest IT outage in history',https://www.cnbc.com/2024/07/19/latest-live-updates-on-a-major-it-outage-spreading-worldwide.html,1721499820.0
"Donald in the White House super good for Elon, Elon in White House super good for Tsla",https://www.reddit.com/r/TSLA/comments/1e8uco1/donald_in_the_white_house_super_good_for_elon/,1721590062.0
Earnings.,https://www.reddit.com/r/TSLA/comments/1e7d2nr/earnings/,1721419573.0
What‚Äôs the impact on sales when there is no teslas with a driving or turn signal stalk?,https://www.reddit.com/r/TSLA/comments/1e6wg0v/whats_the_impact_on_sales_when_there_is_no_teslas/,1721368173.0
Can we continue to obliterate the shorts? üòàüá∫üá∏üî•,https://www.reddit.com/r/TSLA/comments/1e6xvvs/can_we_continue_to_obliterate_the_shorts/,1721373839.0
Manipulation? ,https://www.reddit.com/r/TSLA/comments/1e6ixkq/manipulation/,1721328720.0
Cybertruck sales beat Ford and Rivian put together ,https://www.reddit.com/r/TSLA/comments/1e6c3yr/cybertruck_sales_beat_ford_and_rivian_put_together/,1721311099.0
GLOBAL EQUITIES RESEARCH RAISES $TSLA PRICE TARGET TO $400 (FROM $340),https://www.reddit.com/r/TSLA/comments/1e41k5v/global_equities_research_raises_tsla_price_target/,1721066578.0
How does the next President affect TSLA?,https://www.reddit.com/r/TSLA/comments/1e4sxdp/how_does_the_next_president_affect_tsla/,1721147062.0
Tesla Delays Robotaxi Event in Blow to Musk‚Äôs Autonomy Drive,https://www.bloomberg.com/news/articles/2024-07-11/tesla-plans-to-delay-robotaxi-unveiling-to-october-from-august,1720728996.0
Biden just gave Stellantis and GM $1B for EV efforts,https://www.reddit.com/r/TSLA/comments/1e0qdsb/biden_just_gave_stellantis_and_gm_1b_for_ev/,1720708339.0
"Tsla stock rise isn‚Äôt a rally, it‚Äôs just recovering being oversold",https://www.reddit.com/r/TSLA/comments/1e0pf3g/tsla_stock_rise_isnt_a_rally_its_just_recovering/,1720705807.0
TSLA is massively oversold and is at great price right now.,https://www.reddit.com/r/TSLA/comments/1dzy3d0/tsla_is_massively_oversold_and_is_at_great_price/,1720624027.0
Market tanking Tesla Bankin!,https://www.reddit.com/r/TSLA/comments/1dz5rfr/market_tanking_tesla_bankin/,1720540099.0
"I don‚Äôt care about money, I just want shorts to get destroyed for standing against human technological innovation",https://www.reddit.com/r/TSLA/comments/1dybq14/i_dont_care_about_money_i_just_want_shorts_to_get/,1720452452.0
Tesla $TSLA gets its mojo back and Wedbush responds with price target move,https://www.teslarati.com/tesla-tsla-mojo-back-wedbush-300-price-target/,1720383727.0
"Tesla stock rises again, extending monster 40% rally over the last month",https://finance.yahoo.com/news/tesla-stock-rises-again-extending-monster-40-rally-over-the-last-month-141221823.html,1720197273.0
"Elon follows founder and former CEO of UBER, weeks before Tesla‚Äôs CyberCab announcement. ",https://www.reddit.com/r/TSLA/comments/1dx0e92/elon_follows_founder_and_former_ceo_of_uber_weeks/,1720302091.0
German environmental authorities approve Tesla site expansion,https://www.reuters.com/business/autos-transportation/german-environmental-authorities-approve-tesla-site-expansion-2024-07-04/,1720110629.0
Cheering on TSLA shorts! -$3.5 billion losses in 2 days! Fast approaching 2023‚Äôs score of -$13 billion! You can do it guys! ,https://www.reddit.com/r/TSLA/comments/1dv94os/cheering_on_tsla_shorts_35_billion_losses_in_2/,1720105646.0
Take profits?,https://www.reddit.com/r/TSLA/comments/1duv46x/take_profits/,1720057407.0
Tesla shares rise on better-than-expected Q2 deliveries report,https://www.cnbc.com/2024/07/02/tesla-tsla-q2-2024-vehicle-delivery-and-production-numbers.html,1719936598.0
Missed Nvidia? TSLA is next. Optimus will give a body to all the AI advancements happening. Today is the right time.,https://www.reddit.com/r/TSLA/comments/1dujb9i/missed_nvidia_tsla_is_next_optimus_will_give_a/,1720025832.0
Apple Missed another chance,https://www.reddit.com/r/TSLA/comments/1dukpi1/apple_missed_another_chance/,1720029293.0
"Shorts üíÄ Tesla beat ALL wallstreet estimated for deliveries, the FED rate cut will üöÄ ",https://www.reddit.com/r/TSLA/comments/1dtmira/shorts_tesla_beat_all_wallstreet_estimated_for/,1719928745.0
Tesla Shares Jump 6% Ahead Of Delivery Data‚ÄîAdding $45 Billion To Market Cap,https://www.forbes.com/sites/tylerroush/2024/07/01/tesla-shares-jump-6-ahead-of-delivery-data-adding-45-billion-to-market-cap/,1719903944.0
"‚ÄúOnce Tesla fully solves autonomy and has Optimus in volume production, anyone still holding a short position will be obliterated. Even Gates.‚Äù -Elon Musk",https://www.reddit.com/r/TSLA/comments/1du1q0a/once_tesla_fully_solves_autonomy_and_has_optimus/,1719968239.0
Tesla Is About to Lose Its EV Market Majority in the US,https://www.bloomberg.com/news/articles/2024-06-26/tesla-poised-to-lose-its-six-year-ev-market-majority-in-the-us,1719964024.0
"stock price is up nine percent, but deliveries are down with aging models?",https://www.reddit.com/r/TSLA/comments/1dtpadc/stock_price_is_up_nine_percent_but_deliveries_are/,1719935794.0
"I love Tesla, I make posts here with 0 upvotes. Tesla beat wallsteeet estimates",https://www.reddit.com/r/TSLA/comments/1dtm4u4/i_love_tesla_i_make_posts_here_with_0_upvotes/,1719927681.0
Shorts daylights crushed out of them today. TSLA boom has begun.,https://www.reddit.com/r/TSLA/comments/1dsukti/shorts_daylights_crushed_out_of_them_today_tsla/,1719844706.0
Tesla Reddit Community,https://www.reddit.com/r/TSLA/comments/1dqmddz/tesla_reddit_community/,1719588539.0
"34-year-old earning $400,000 a year: I regret buying a brand-new Tesla‚Äîit was a 'huge mistake'",https://www.cnbc.com/2024/06/28/why-buying-a-brand-new-tesla-was-a-huge-mistake.html,1719609654.0
Tesla to $300 in 90 days,https://www.cnbc.com/video/2023/09/11/morgan-stanley-says-tesla-can-reach-400-per-share.html,1719542564.0
The most important part of the revote: the longs and bulls saw our collective bullishness and conviction in Tesla.,https://www.reddit.com/r/TSLA/comments/1dqj8nr/the_most_important_part_of_the_revote_the_longs/,1719580105.0
Optimus is the beginning of the end / is FSD going to be loved by the GP?,https://www.reddit.com/r/TSLA/comments/1dpnw58/optimus_is_the_beginning_of_the_end_is_fsd_going/,1719483651.0
"BYD‚Äôs biggest vocal investor Warren Buffet, drops his stake in stuggling Chinese EV sweatshop from 25% to 6%, spelling trouble for another Tesla copycat",https://www.reddit.com/r/TSLA/comments/1dozrc9/byds_biggest_vocal_investor_warren_buffet_drops/,1719411576.0
Fisker's bankruptcy leaves owners without answers and scrambling for help,https://www.teslarati.com/fisker-bankruptcy-leaves-owners-without-answers-scrambling-for-help/,1719167642.0
Elon Musk pledges to ensure Tesla shareholders‚Äô faith will be rewarded,https://www.teslarati.com/elon-musk-ensures-tesla-shareholders-faith-rewarded/,1719167575.0
Lucid CEO airs his latest criticism of Tesla and its EV tech,https://www.teslarati.com/lucid-leads-tesla-ev-tech-ceo/,1719167870.0
Tesla has no real competition for the markets they are concentrating on,https://www.reddit.com/r/TSLA/comments/1do76ib/tesla_has_no_real_competition_for_the_markets/,1719325257.0
Neuralink user Noland Arbaugh sending a telepathic command to Optimus Bot needs to be done on video.,https://www.reddit.com/r/TSLA/comments/1dmsurv/neuralink_user_noland_arbaugh_sending_a/,1719167630.0
Musk retracts harsh comments to advertisers on X,https://thehill.com/policy/technology/4730252-elon-musk-walks-back-go-f-yourself-comments-to-advertisers/,1718831259.0
Warren Buffett‚Äôs Berkshire Hathaway dumps BYD shares following rise in trade tension over Chinese EVs,https://www.cnn.com/2024/06/18/cars/berkshire-hathaway-byd-china-ev-tensions-intl-hnk/,1718725606.0
Electric SUV maker Fisker files for bankruptcy,https://www.cnn.com/2024/06/18/investing/electric-car-maker-fisker-bankruptcy/,1718723714.0
Used EV price crash keeps getting deeper with ‚Äòpremium‚Äô brand idea history,https://www.cnbc.com/2024/06/16/used-ev-price-crash-gets-deeper-with-premium-brand-idea-history.html,1718559532.0
"Fiskar bankruptcy, Warren dumped BYD, Tesla is Steamrolling ahead!",https://www.reddit.com/r/TSLA/comments/1diumhs/fiskar_bankruptcy_warren_dumped_byd_tesla_is/,1718727486.0
Tesla could come out on top after the EU cracks down on Chinese EVs,https://www.businessinsider.com/tesla-could-come-out-on-top-eu-tariffs-chinese-evs-2024-6,1718560874.0
why I‚Äôm bullish on tesla robotics,https://www.reddit.com/r/TSLA/comments/1di6f5o/why_im_bullish_on_tesla_robotics/,1718651941.0
"Forget about EV, Robots!",https://www.reddit.com/r/TSLA/comments/1di3w5a/forget_about_ev_robots/,1718645631.0
"Shorts frantically creating false FUD, this is a panic reaction to the massive win on Elons pay package",https://www.reddit.com/r/TSLA/comments/1di3w3c/shorts_frantically_creating_false_fud_this_is_a/,1718645627.0
"Tesla could get special duties as part of higher China EV tariffs, EU says",https://www.cnbc.com/2024/06/12/tesla-could-get-special-duties-as-part-of-eus-higher-china-ev-tariffs.html,1718472328.0
"Tesla doing damage-control, discounts for European fleet buyers",https://www.reuters.com/business/autos-transportation/tesla-doing-damage-control-discounts-european-fleet-buyers-2024-05-20/,1718472029.0
"‚ÄúElon, highest paid CEO in history.‚Äù Has a nice ring to it.",https://www.reddit.com/r/TSLA/comments/1dhlzm4/elon_highest_paid_ceo_in_history_has_a_nice_ring/,1718585838.0
TSLA from here? (New investor),https://www.reddit.com/r/TSLA/comments/1dgjglf/tsla_from_here_new_investor/,1718462486.0
How Elon Musk's $44.9B Tesla pay package compares with the most generous plans for other U.S. CEOs,https://apnews.com/article/tesla-elon-musk-ceo-pay-comparison-6a0af2259f2b7d7b2485dad4466e5d57,1718462010.0
"Yuge for tesla shareholders, VANGUARD likes musk.",https://www.investmentnews.com/esg/news/vanguard-switched-from-anti-stance-to-help-push-musks-pay-package-254469,1718402914.0
Hours after Elon announced shareholder approval. Tesla is up 33b,https://www.reddit.com/r/TSLA/comments/1deseb3/hours_after_elon_announced_shareholder_approval/,1718260418.0
"The entire market got depressed today, the second it reverses TSLAs gotta fly!",https://www.reddit.com/r/TSLA/comments/1dg0re7/the_entire_market_got_depressed_today_the_second/,1718397722.0
üöÄ ,https://www.reddit.com/r/TSLA/comments/1df5q5u/_/,1718302639.0
Process of award payment?,https://www.reddit.com/r/TSLA/comments/1df3thq/process_of_award_payment/,1718297774.0
To all the shorts trying to create the false narrative that longs weren‚Äôt voting Yes,https://www.reddit.com/r/TSLA/comments/1deqgqd/to_all_the_shorts_trying_to_create_the_false/,1718252850.0
Tesla Long investors keep winning. This was simply a show of support. Proof short sellers reallllly have Zero control over the matter since their FUD continues to fall on deaf ears.,https://www.reddit.com/r/TSLA/comments/1df2sz5/tesla_long_investors_keep_winning_this_was_simply/,1718295212.0
Famed investment firm believes TSLA stock will be nearing $2600 per share within 5 years. ,https://fortune.com/2024/06/12/tesla-stock-price-predictions-cathie-wood-ark-invest-elon-musk/,1718252281.0
Congrats longs (not including haters),https://www.reddit.com/r/TSLA/comments/1deoux7/congrats_longs_not_including_haters/,1718247476.0
We DID IT!! APPROVED!!,https://x.com/elonmusk/status/1801084780035154058,1718249749.0
Tesla. Tsla stock ,https://www.google.com/url?sa=t&amp;source=web&amp;rct=j&amp;opi=89978449&amp;url=https://ir.tesla.com/_flysystem/s3/sec/000110465924053355/tm2326076d21_defa14a-gen.pdf&amp;ved=2ahUKEwj_g6OyitSGAxWjCnkGHefcBmgQFnoECBIQBg&amp;usg=AOvVaw32YOt3B7M5AkaI-oCimgYP,1718127175.0
Tesla investors may vote to give Elon Musk his $56 billion payday,https://fortune.com/2024/06/10/tesla-investors-vote-elon-musk-56-billion-payday-delaware-texas/,1718042069.0
So where do you guys put your stop loss coming Thursday?,https://www.reddit.com/r/TSLA/comments/1dcwxuo/so_where_do_you_guys_put_your_stop_loss_coming/,1718054362.0
Why are you Bearish short term and bullish long term?,https://www.reddit.com/r/TSLA/comments/1dduddh/why_are_you_bearish_short_term_and_bullish_long/,1718154353.0
Norwegian wealth fund to vote against Elon Musk's Tesla pay package,https://apnews.com/article/elon-musk-tesla-ceo-pay-a4abf5fd79303dd6ed4225c6e35a5d90,1717967981.0
I think Musk is going to stay,https://www.reddit.com/r/TSLA/comments/1ddbjiz/i_think_musk_is_going_to_stay/,1718104336.0
"Prediction No votes win, Musk Stays.",https://www.reddit.com/r/TSLA/comments/1dbwr5y/prediction_no_votes_win_musk_stays/,1717947931.0
Three stocks now account for 20% of the S&amp;P 500‚Äôs value. That‚Äôs making some investors nervous.,https://www.marketwatch.com/story/three-stocks-now-account-for-20-of-the-s-p-500s-value-thats-making-some-investors-nervous-1e21f95f?gaa_at=g&amp;gaa_n=ARTJ-U8ZA2bw2AMrE47LPgMYefN18QcNuAk-poRNakdaYhgWJDenYaH6gb_WLsVQvxfjBfjBH0nlw0mR2MxM&amp;gaa_ts=6665ceb9&amp;gaa_sig=AMapl-vyMsYtjT0EJtdyuuMpxJ0uIlkWE4W3E2J2cCH4c3rVUuZlx0Cb6Nk0KCzEtHd4A0pa-s03o6l1DFENwQ%3D%3D,1717944929.0
"Tesla lowers price for Model Y in Germany by ‚Ç¨ 6,000 till the end of the month ",https://www.handelsblatt.com/unternehmen/industrie/tesla-tesla-senkt-preise-fuer-model-y-um-6000-euro/100043691.html,1717867768.0
A Force of Nature,https://www.reddit.com/r/TSLA/comments/1dcb0im/a_force_of_nature/,1717986701.0
"If not Elon, WHO, who is a better person to invest in? Shorts keep hating, but can‚Äôt name a single other person, they are terrified to name an alternative",https://www.reddit.com/r/TSLA/comments/1dc0sb8/if_not_elon_who_who_is_a_better_person_to_invest/,1717958372.0
Tesla says lawyers who sued over Musk pay package deserve $13.6mn rather than $5.2bn,https://www.ft.com/content/2a9bec67-c7aa-42ff-b14b-428785a89741,1717783848.0
Can I vote if I only own TSLL?,https://www.reddit.com/r/TSLA/comments/1dbty47/can_i_vote_if_i_only_own_tsll/,1717940316.0
Curious to know what will happen to my votes,https://www.reddit.com/r/TSLA/comments/1db4orv/curious_to_know_what_will_happen_to_my_votes/,1717858319.0
Shorts here trying to drive the narrative. Meanwhile 90% of retail already voted yes.,https://www.reddit.com/r/TSLA/comments/1dbxz0w/shorts_here_trying_to_drive_the_narrative/,1717951094.0
Where is CT production hell?,https://www.reddit.com/r/TSLA/comments/1dbq79i/where_is_ct_production_hell/,1717926883.0
Tesla is going all out to push Elon Musk's $55 billion pay package through ‚Äî even spending money on ads,https://www.businessinsider.com/tesla-spends-money-advertising-elon-musk-pay-package-shareholder-vote-2024-5,1717745979.0
Tesla board chair explains what could happen if Elon Musk's pay package is rejected,https://www.businessinsider.com/tesla-robyn-denholm-what-happens-elon-musk-pay-plan-rejected-2024-6,1717745737.0
"For any of you Short fud creators downvoting me for weeks, I got a butt full of spicy taco night for ~90% voted yes so far",https://x.com/SawyerMerritt/status/1799627471580741678,1717908265.0
"Tesla CEO Elon Musk could leave if $56 billion pay package not approved, shareholders warned",https://www.theverge.com/2024/6/6/24173064/tesla-board-chair-warn-elon-musk-leave-pay-shareholders,1717702550.0
Tesla wouldn‚Äôt be where it's at today without Elon. Pay Elon Musk. ,https://x.com/Teslaconomics/status/1799570688443089252,1717891410.0
"Prepare for a bumpy ride: whether the vote is for or against Elon's compensation plan, the stock is likely to decline",https://www.reddit.com/r/TSLA/comments/1d9htwa/prepare_for_a_bumpy_ride_whether_the_vote_is_for/,1717679521.0
Elons Compensation Package  ,https://www.reddit.com/r/TSLA/comments/1db45i7/elons_compensation_package/,1717856803.0
I was about to buy Tesla stocks,https://www.reddit.com/r/TSLA/comments/1dau7y9/i_was_about_to_buy_tesla_stocks/,1717819562.0
If your wondering why/how to vote,https://www.nytimes.com/2018/01/23/business/dealbook/tesla-elon-musk-pay.html,1717792454.0
People blaming Elon for buying TSLA,https://www.reddit.com/r/TSLA/comments/1dajjyz/people_blaming_elon_for_buying_tsla/,1717788696.0
"If you could make my 50k business into a 500k business, paying you 50k is a small sum for your 6 years of work. Pay Elon.",https://www.reddit.com/r/TSLA/comments/1dad4y0/if_you_could_make_my_50k_business_into_a_500k/,1717773044.0
Do you think $TSLA price will go up or down after June 13th vote decision ?,https://www.reddit.com/r/TSLA/comments/1d8uuug/do_you_think_tsla_price_will_go_up_or_down_after/,1717606622.0
Elon Musk ordered Nvidia to ship thousands of AI chips reserved for Tesla to X and xAI,https://www.cnbc.com/2024/06/04/elon-musk-told-nvidia-to-ship-ai-chips-reserved-for-tesla-to-x-xai.html,1717538611.0
Tesla hires GEICO executive to help lower insurance costs,https://electrek.co/2024/06/04/tesla-hires-geico-executive-to-help-lower-insurance-costs/,1717533031.0
Elon confirms that he prioritized bringing NVIDIA chips to xAI,https://www.reddit.com/r/TSLA/comments/1d81cpr/elon_confirms_that_he_prioritized_bringing_nvidia/,1717518300.0
European Central Bank just cut their interest rates for the first time since the pandemic. This move should help Tesla costs and promote sales! ,https://www.cnbc.com/2024/06/06/european-central-bank-heads-for-first-rate-cut-since-2019-live-updates.html,1717676836.0
"Elon just sent the largest space vehicle into space, and retrieved it. SpaceX roadster incoming! ",https://www.reddit.com/r/TSLA/comments/1d9iw4b/elon_just_sent_the_largest_space_vehicle_into/,1717682467.0
Elon Musk is taking on Tesla ‚Äúoathbreakers‚Äù in fight for his $56 billion pay package,https://www.theverge.com/2024/6/3/24170368/elon-musk-tesla-pay-package-shareholder-meeting,1717451790.0
"BOC just dropped interest rates in Canada, likely precursor to JPOW dropping rates soon, EV sales firing up!",https://www.reddit.com/r/TSLA/comments/1d8toq8/boc_just_dropped_interest_rates_in_canada_likely/,1717603697.0
Oath breakers lead Elon to break his own,https://www.cnbc.com/2024/06/04/elon-musk-told-nvidia-to-ship-ai-chips-reserved-for-tesla-to-x-xai.html?__source=androidappshare,1717516202.0
The Biggest Threats Coming For Tesla's Best-Selling Model Y,https://carbuzz.com/biggest-threats-rivals-tesla-best-selling-model-y/,1717417488.0
‚ÄúThe Cybertruck will never happen‚Äù impossible. Meanwhile,https://x.com/exoticsnetwork/status/1797437402929307808?s=46&amp;t=ZnPtZ9FsMbXFVF0BEMqU2w,1717526109.0
The majority is voting YES. It‚Äôll be a kick in the pants for these shorts,https://www.reddit.com/r/TSLA/comments/1d82v2i/the_majority_is_voting_yes_itll_be_a_kick_in_the/,1717522093.0
Can someone tell me who hired Egan-Jones to proxy advise on Elon's pay package?,https://www.reddit.com/r/TSLA/comments/1d6oh7z/can_someone_tell_me_who_hired_eganjones_to_proxy/,1717365222.0
"we close in the red, tomorrow will be better",https://www.reddit.com/r/TSLA/comments/1d7fdtn/we_close_in_the_red_tomorrow_will_be_better/,1717448263.0
1.5B to over 500b valuation in 14 years. Somehow the shorts delusional to this success.,https://www.reddit.com/r/TSLA/comments/1d78uwz/15b_to_over_500b_valuation_in_14_years_somehow/,1717432567.0
"Musk Said Tesla Will Build 50,000 Semi Trucks In 2024 ‚Äî Guess How Many They Actually Made",https://www.benzinga.com/general/24/05/39071175/musk-said-tesla-will-build-50-000-semi-trucks-in-2024-guess-how-many-they-actually-made,1717163429.0
"Porsche Learned The Worst Lesson From Tesla, And It Sucks",https://jalopnik.com/porsche-learned-the-worst-lesson-from-tesla-and-it-suc-1851512025,1717225813.0
"Used Teslas are getting very cheap, but buying one can be risky",https://arstechnica.com/cars/2024/05/used-teslas-are-getting-very-cheap-but-buying-one-can-be-risky/,1717019156.0
Rehired Tesla Supercharger manager beautifully explains why he came back,https://electrek.co/2024/05/28/rehired-tesla-supercharger-manager-beautifully-explains-why-came-back/,1716934969.0
Critical Tesla bearish investor Gary Black says Vote YES to help TSLA share price,https://www.reddit.com/r/TSLA/comments/1d46fd8/critical_tesla_bearish_investor_gary_black_says/,1717082084.0
Chamath is knoght you are looking for,https://www.reddit.com/r/TSLA/comments/1d3wh64/chamath_is_knoght_you_are_looking_for/,1717046349.0
I just swapped a Tesla Model 3 for a Model Y and Elon Musk's brutal layoffs ruined the experience,https://electrek.co/2024/05/27/tesla-model-3-model-y-elon-musk-layoffs/,1716884123.0
Would you divest if Elon died unexpectedly?,https://www.reddit.com/r/TSLA/comments/1d3pa40/would_you_divest_if_elon_died_unexpectedly/,1717023621.0
Elon gaining more power~,https://www.reddit.com/r/TSLA/comments/1d2p5uv/elon_gaining_more_power/,1716917492.0
Can someone explain to me the pay package?,https://www.reddit.com/r/TSLA/comments/1d129q7/can_someone_explain_to_me_the_pay_package/,1716732816.0
"Because Optimus robot uses FSD in its stack, it can be the first robot to be able to drive anything. ",https://www.reddit.com/r/TSLA/comments/1d260dc/because_optimus_robot_uses_fsd_in_its_stack_it/,1716854179.0
Nvidia CEO says Tesla 'far ahead' in self-driving tech as autonomous driving efforts boost chip demand,https://www.reddit.com/r/TSLA/comments/1d1v58f/nvidia_ceo_says_tesla_far_ahead_in_selfdriving/,1716826295.0
Voting Yes,https://www.reddit.com/r/TSLA/comments/1d1tgze/voting_yes/,1716821948.0
"The authority on AI processing, CEO of tech Giant Nvidia states Tesla is ‚ÄòFAR AHEAD‚Äô of all competition.",https://www.reddit.com/r/TSLA/comments/1d17p9c/the_authority_on_ai_processing_ceo_of_tech_giant/,1716747986.0
"Elon deserves to be rewarded for his hard work, vision, and leadership.",https://www.reddit.com/r/TSLA/comments/1d17jle/elon_deserves_to_be_rewarded_for_his_hard_work/,1716747572.0
"Shorts want you to vote ‚ÄòNo‚Äô to destabilize Tesla and Elon, cause you loss because the shares will become more volatile",https://www.reddit.com/r/TSLA/comments/1d15wdg/shorts_want_you_to_vote_no_to_destabilize_tesla/,1716743085.0
"Nvidia CEO Jensen Huang Touts Auto Industry's AI Data Center Demand, Says Tesla 'Far Ahead'",https://www.investors.com/news/tesla-stock-nvidia-stock-jensen-huang/,1716468527.0
Did some rough calculations because I was bored,https://www.reddit.com/r/TSLA/comments/1d055pm/did_some_rough_calculations_because_i_was_bored/,1716616134.0
"Elon Musk confirms his threat: give me 25% of Tesla or you don't get AI and robotics ‚óè ""This is bizarre. The CEO of a major public company is publicly threatening to move products he himself claims are critical to Tesla‚Äôs success if he doesn‚Äôt a greater percentage of the company.""",https://electrek.co/2024/05/20/elon-musk-confirms-threat-give-me-25-of-tesla-or-no-ai-robotics/,1716382299.0
"Tesla shareholder group opposes Musk‚Äôs $46B pay, slams board ‚Äúdysfunction‚Äù",https://arstechnica.com/tech-policy/2024/05/tesla-shareholder-group-opposes-musks-46b-pay-slams-board-dysfunction/,1716322805.0
People don‚Äôt understand LiDAR is inferior to Vision for self driving systems. It‚Äôs good Tsla is proving it.,https://www.reddit.com/r/TSLA/comments/1czb78r/people_dont_understand_lidar_is_inferior_to/,1716520542.0
"Tesla puts '$25,000 electric car' codenamed NV9 on back burner despite what Elon Musk said",https://electrek.co/2024/04/15/tesla-puts-electric-car-codenamed-nv9-back-burner-despite-elon-musk-said/,1716309641.0
"If Elon musk can in some capacity be responsible for EV proliferation, he effectively elongated all of our lives.",https://www.reddit.com/r/TSLA/comments/1cyftnz/if_elon_musk_can_in_some_capacity_be_responsible/,1716424179.0
So how well did I do?,https://i.imgur.com/jLBXhwU.jpeg,1716290162.0
Bots,https://www.reddit.com/r/TSLA/comments/1cy4elo/bots/,1716395057.0
"Teslas can now connect to Starlink with no modifications, plans from tmobile incoming soon!",https://www.reddit.com/r/TSLA/comments/1cy3yhu/teslas_can_now_connect_to_starlink_with_no/,1716393970.0
Don't forget to Vote!,https://www.reddit.com/r/TSLA/comments/1cwkzei/dont_forget_to_vote/,1716225652.0
Yellen Calls for EU-US Cooperation to Counter Surge in Chinese Green-Tech Exports ,https://eletric-vehicles.com/byd/yellen-calls-for-eu-us-cooperation-to-counter-surge-in-chinese-green-tech-exports/,1716283973.0
"Pepsico Loves Tesla semi, the massive product line wallstreet forgot of. EV semi‚Äôs",https://www.reddit.com/r/TSLA/comments/1cxhq2a/pepsico_loves_tesla_semi_the_massive_product_line/,1716322827.0
Intraday low of 157.40??,https://www.reddit.com/r/TSLA/comments/1cwiu14/intraday_low_of_15740/,1716220232.0
"Tesla with Elon at helm, just increased market cap by 26 billion in 3 hours. Pay this man his 56b for 6 years of work he already did.",https://www.reddit.com/r/TSLA/comments/1cxe17e/tesla_with_elon_at_helm_just_increased_market_cap/,1716313869.0
No Hands on the Wheel: Tesla‚Äôs Full Self-Driving Leaves Humans in the Dust,https://www.reddit.com/r/TSLA/comments/1cwzrzr/no_hands_on_the_wheel_teslas_full_selfdriving/,1716266962.0
Elon‚Äôs Pay Package,https://www.reddit.com/r/TSLA/comments/1cwub5r/elons_pay_package/,1716249519.0
"The haters just can‚Äôt handle facts footage and truth, let‚Äôs go Elon. Excellence",https://x.com/tesla/status/1792556295670603834?s=46&amp;t=ZnPtZ9FsMbXFVF0BEMqU2w,1716222530.0
"Hertz Sells 30,000 Teslas",https://www.ethostimes.com/post/hertz-sells-30-000-teslas,1715995279.0
"FSD will eventually be known worldwide, in the way Windows, Android and iOS are. Even Waymo will end up using it.",https://www.reddit.com/r/TSLA/comments/1cvt8d9/fsd_will_eventually_be_known_worldwide_in_the_way/,1716138907.0
"Teslas can connect to starlink since the 5g update. With neuralink, you could imagine your car to you anywhere.",https://www.reddit.com/r/TSLA/comments/1cupmvg/teslas_can_connect_to_starlink_since_the_5g/,1716008433.0
Tesla's fourth straight week of layoffs accelerates in China,https://qz.com/tesla-ev-elon-musk-china-layoffs-continue-hiring-freeze-1851465831,1715722670.0
If Elon promises to bring Tesla market cap to 5T does he deserve a 100b payout in 5 years? Yes.,https://www.reddit.com/r/TSLA/comments/1ctflrg/if_elon_promises_to_bring_tesla_market_cap_to_5t/,1715873247.0
‚ÄúElon has not been paid for any of his work for Tesla for the past six years‚Ä¶ That strikes us‚Ä¶as fundamentally unfair‚Äù,https://www.reddit.com/r/TSLA/comments/1ctedvs/elon_has_not_been_paid_for_any_of_his_work_for/,1715870068.0
China‚Äôs booming EV companies eye U.S. competitors they see as ‚Äònot ready‚Äô,https://www.nbcnews.com/news/world/chinas-booming-electric-vehicle-companies-eye-us-competitors-byd-tesla-rcna149974,1715706471.0
Five things to know about Biden's tariff hikes on Chinese electric vehicles,https://www.npr.org/2024/05/14/1251096758/biden-china-tariffs-ev-electric-vehicles-5-things,1715722067.0
A new feature for the SUB?,https://www.reddit.com/r/TSLA/comments/1crh5q1/a_new_feature_for_the_sub/,1715652919.0
How small will the automotive side of TSLA be?,https://www.reddit.com/r/TSLA/comments/1crh2tl/how_small_will_the_automotive_side_of_tsla_be/,1715652680.0
"What if the push for ‚Äúrobo-taxis‚Äô‚Äù is just a head fake for what could actually make sense - a humanoid robot with ai - that can actually do useful things, and cost less than a car with great margins .",https://www.reddit.com/r/TSLA/comments/1criicd/what_if_the_push_for_robotaxis_is_just_a_head/,1715657158.0
"Toyota is dead on arrival with hydrogen dreams, now farthest behind in EV transition",https://www.reddit.com/r/TSLA/comments/1cr2mnt/toyota_is_dead_on_arrival_with_hydrogen_dreams/,1715615404.0
"Is there any information on how index funds (BlackRock, Vanguard) plan to vote re: the compensation package?",https://www.reddit.com/r/TSLA/comments/1cpwrit/is_there_any_information_on_how_index_funds/,1715478178.0
IMPACT FROM REUTERS‚Äô APR-5 REPORT,https://www.reddit.com/r/TSLA/comments/1cqndwc/impact_from_reuters_apr5_report/,1715563490.0
I Went To China And Drove A Dozen Electric Cars. Western Automakers Are Cooked,https://insideevs.com/features/719015/china-is-ahead-of-west/,1715345091.0
Dropping like flies,https://www.reddit.com/r/TSLA/comments/1co4l0y/dropping_like_flies/,1715280176.0
"Optimus bot can soon install super chargers, drive over with FSD 13.",https://www.reddit.com/r/TSLA/comments/1cozwgp/optimus_bot_can_soon_install_super_chargers_drive/,1715374440.0
Elon Musk's piggy bank,https://popular.info/p/elon-musks-piggy-bank,1715259408.0
"In Tesla Autopilot probe, US prosecutors focus on securities, wire fraud",https://www.reuters.com/business/autos-transportation/tesla-autopilot-probe-us-prosecutors-focus-securities-wire-fraud-2024-05-08/,1715173580.0
Is perfect FSD impossible,https://www.reddit.com/r/TSLA/comments/1cn60ws/is_perfect_fsd_impossible/,1715178788.0
Tesla restarting FSD development from scratch?,https://www.reddit.com/r/TSLA/comments/1cnc1ry/tesla_restarting_fsd_development_from_scratch/,1715193818.0
Tesla short sellers burned for massive losses since Earnings Call,https://www.teslarati.com/tesla-tsla-short-sellers-massive-losses-since-earnings-call/amp/,1715010616.0
"Hertz continues to feel EV losses, plans to dump more from its fleet",https://www.teslarati.com/hertz-htz-ev-losses-continue-dump-more-from-fleet/,1714937262.0
Tesla continues its Cybertruck-towed Mobile Gallery in New York City,https://www.teslarati.com/tesla-cybertruck-towed-mobile-gallery/,1714936910.0
Let‚Äôs be honest,https://www.reddit.com/r/TSLA/comments/1ckvzyl/lets_be_honest/,1714928793.0
Read the wild email Tesla is sending to suppliers amid Supercharger chaos,https://electrek.co/2024/05/03/read-the-wild-email-tesla-is-sending-to-suppliers-amid-supercharger-chaos/,1714773884.0
Elon Musk explains reasoning behind Tesla Supercharger team disband,https://www.teslarati.com/elon-musk-explains-reasoning-behind-tesla-supercharger-team-disband/,1714937123.0
Do existing Teslas really have the hardware to be robotaxis?,https://www.reddit.com/r/TSLA/comments/1cjf97m/do_existing_teslas_really_have_the_hardware_to_be/,1714759538.0
Vote For will not dilute the stock price by 10%. Here is why,https://www.reddit.com/r/TSLA/comments/1cksx0b/vote_for_will_not_dilute_the_stock_price_by_10/,1714920487.0
Vote Your TSLA Shares ,https://www.reddit.com/r/TSLA/comments/1cjec59/vote_your_tsla_shares/,1714757257.0
May 2024 | Post all Bearish/Negative Sentiment News/Comments/Thoughts in here!,https://www.reddit.com/r/TSLA/comments/1ckaeo9/may_2024_post_all_bearishnegative_sentiment/,1714856442.0
Lawsuits are sure to dog Tesla from the fallout of the 500 letter go from the charging group!,https://www.reddit.com/r/TSLA/comments/1cj4ut2/lawsuits_are_sure_to_dog_tesla_from_the_fallout/,1714730388.0
New Tweet from Elon Musk.,https://www.reddit.com/r/TSLA/comments/1ck781y/new_tweet_from_elon_musk/,1714847985.0
Tesla vs Tesla: US carmaker sues Indian namesake for copying trademark,https://www.reddit.com/r/TSLA/comments/1cjai2n/tesla_vs_tesla_us_carmaker_sues_indian_namesake/,1714747637.0
Can we vote Elon out?,https://www.reddit.com/r/TSLA/comments/1ci949k/can_we_vote_elon_out/,1714632759.0
"As for the Supercharger scale back, Gas stations are converting themselves to electric now.",https://www.reddit.com/r/TSLA/comments/1cjlw7x/as_for_the_supercharger_scale_back_gas_stations/,1714777657.0
"Once there are electric chargers in every gas station, Tesla super charger network will become a novelty site",https://www.reddit.com/r/TSLA/comments/1cjlxyz/once_there_are_electric_chargers_in_every_gas/,1714777798.0
Tesla‚Äôs Head of Human Resources Exits as Staff Upheaval Spreads,https://www.bloomberg.com/news/articles/2024-05-01/tesla-s-head-of-human-resources-exits-as-staff-upheaval-spreads,1714579929.0
Salt and the rivet CyberTruck Accelerator Pedal Band Aid,https://www.reddit.com/r/TSLA/comments/1cil9u3/salt_and_the_rivet_cybertruck_accelerator_pedal/,1714670369.0
Huge blow to tesla shorts. 120000 $180 put contracts expired worthless!,https://www.reddit.com/r/TSLA/comments/1cjdf9h/huge_blow_to_tesla_shorts_120000_180_put/,1714754985.0
"Elon Musk Just Laid Off the Entire Supercharger Team - laying off Senior Director of Tesla's Supercharger group, Rebecca Tinucci and around 500 Supercharger-specific employees.",https://www.roadandtrack.com/news/a60650866/tesla-layoffs-electric-charging-team/,1714586501.0
Tesla is Nothing without its People,https://www.reddit.com/r/TSLA/comments/1cjd2xm/tesla_is_nothing_without_its_people/,1714754131.0
Tesla short sellers lose more than $5 billion in post-earnings rally,https://finance.yahoo.com/news/tesla-short-sellers-lose-more-than-5-billion-in-post-earnings-rally-190416987.html,1714617531.0
Why All In AI is justified ,https://www.reddit.com/r/TSLA/comments/1ciwknk/why_all_in_ai_is_justified/,1714699775.0
"121k put contracts at 180, about to expire worthless tomorrow",https://www.reddit.com/r/TSLA/comments/1ciqi7i/121k_put_contracts_at_180_about_to_expire/,1714683117.0
"If the Auto industry is taking market share from Tesla, they can build NACS based charging stations",https://www.reddit.com/r/TSLA/comments/1ciph7q/if_the_auto_industry_is_taking_market_share_from/,1714680587.0
This sub is for TSLA Shareholders,https://www.reddit.com/r/TSLA/comments/1civ422/this_sub_is_for_tsla_shareholders/,1714695369.0
"Reuters: Tesla short sellers lose nearly $5.5 billion over four days, S3 Partner says",https://www.reddit.com/r/TSLA/comments/1ch45r0/reuters_tesla_short_sellers_lose_nearly_55/,1714511996.0
If FSD can‚Äôt see in the heavy rain or snow or fog how can there be a Robotaxi?,https://www.reddit.com/r/TSLA/comments/1cg2nw4/if_fsd_cant_see_in_the_heavy_rain_or_snow_or_fog/,1714406189.0
Options Ahead of Aug 8th,https://www.reddit.com/r/TSLA/comments/1ch0dmd/options_ahead_of_aug_8th/,1714502733.0
SpaceX is launching satellites that will BEAM electricity to Earth from space.,https://www.reddit.com/r/TSLA/comments/1chdl02/spacex_is_launching_satellites_that_will_beam/,1714538784.0
Why is Tesla stock dropping again? Now that Musk is in War mode?,https://www.reddit.com/r/TSLA/comments/1ch5arv/why_is_tesla_stock_dropping_again_now_that_musk/,1714514726.0
5 cars from the Beijing auto show that reflect China's vision for the future of driving,https://apnews.com/article/china-beijing-auto-show-ev-8ee415e956b818be6d363367c8180b4f,1714423467.0
"Small companies can do chargers, SpaceX is putting satellites that power nations as we speak.",https://www.reddit.com/r/TSLA/comments/1ch5vci/small_companies_can_do_chargers_spacex_is_putting/,1714516175.0
Everyone was hating me when I said positive about Tesla! ,https://www.reddit.com/r/TSLA/comments/1cg1jer/everyone_was_hating_me_when_i_said_positive_about/,1714403449.0
189.28 +47.23 (+33.25%) Past 5 Days FYI SHORTS,https://www.reddit.com/r/TSLA/comments/1cg1g7q/18928_4723_3325_past_5_days_fyi_shorts/,1714403229.0
"Short sellers, ‚Äúmay day May Day May Day.‚Äù ",https://www.reddit.com/r/TSLA/comments/1cfuqu0/short_sellers_may_day_may_day_may_day/,1714382566.0
How did today's (Monday's) calls go up SO SO SO much?!?!?!  I've seen plenty of 15% daily gains but none anywhere close to these option gains?!?!?!  ,https://www.reddit.com/r/TSLA/comments/1cgl6ri/how_did_todays_mondays_calls_go_up_so_so_so_much/,1714455217.0
Tesla? My love,https://www.reddit.com/r/TSLA/comments/1cg1sow/tesla_my_love/,1714404088.0
BYD looking to meet with unknown auto manufacturer to licence Tesla FSD software suite,https://www.reddit.com/r/TSLA/comments/1cgs7hl/byd_looking_to_meet_with_unknown_auto/,1714481882.0
Elon returning to helm Tesla added 100 billion to its market cap in 5 days,https://www.reddit.com/r/TSLA/comments/1cgu36s/elon_returning_to_helm_tesla_added_100_billion_to/,1714486942.0
Check out this post on TSLA makes me feel good about buying the dip,https://stocktwits.com/nixonjoey/message/571196853,1714424468.0
"The captain is back at helm, the ship keeps tightening",https://www.reddit.com/r/TSLA/comments/1cgqh4p/the_captain_is_back_at_helm_the_ship_keeps/,1714476417.0
FSD accrued liability,https://www.reddit.com/r/TSLA/comments/1cfnm9i/fsd_accrued_liability/,1714356311.0
"Facebook Cofounder Says Tesla Has Committed ""Consumer Fraud on a Massive Scale,"" Will End in Jail",https://www.reddit.com/r/TSLA/comments/1ceq9jt/facebook_cofounder_says_tesla_has_committed/,1714255389.0
"An honest question, about  valuation? Management premium",https://www.reddit.com/r/TSLA/comments/1cf7r65/an_honest_question_about_valuation_management/,1714314696.0
the new National Security Artificial Intelligence Board.,https://www.reddit.com/r/TSLA/comments/1cehc7z/the_new_national_security_artificial_intelligence/,1714232222.0
Half of U.S. households can only afford a $400 car payment. Their options ‚Äî new or used ‚Äî are scarce.,https://www.marketwatch.com/story/half-of-u-s-households-can-only-afford-a-400-car-payment-their-options-new-or-used-are-scarce-252ced03?gaa_at=la&amp;gaa_n=ARTJ-U8etW9EbJiS1Wf81urouJzu5HoRieZQUM_Yro0mHsjTmqHgOjHTicJIGNe_Z46tJz2zutYeAa8e-kxIRanOQsfxfkCY1w%3D%3D&amp;gaa_ts=662b894b&amp;gaa_sig=qVv7S3mkvjx8NCcxw6Og2jQfDBJ8FVoJUUnqNnSfJV6uXZs38oCGRj8XvWCcaLuyJDpgryTObNoP81H4CnXq0g%3D%3D,1714126217.0
"One of most stupid and misleading stories and beneath dignity of William O‚ÄôNeil, IBD Founder",https://www.reddit.com/r/TSLA/comments/1cewef7/one_of_most_stupid_and_misleading_stories_and/,1714273619.0
Questions regardling Elons distributed computing Tesla mega DataCenter,https://www.reddit.com/r/TSLA/comments/1cdkabs/questions_regardling_elons_distributed_computing/,1714134974.0
Drew Baglino is going to get rid of a significant amount of shares,https://www.reddit.com/r/TSLA/comments/1cd701r/drew_baglino_is_going_to_get_rid_of_a_significant/,1714089839.0
What exactly is believable about FSD robotaxis in the next 5 years?,https://www.reddit.com/r/TSLA/comments/1ccusd2/what_exactly_is_believable_about_fsd_robotaxis_in/,1714058774.0
"Three top executives at Tesla have resigned in two weeks, with the latest departure at the end of its earnings call",https://fortune.com/2024/04/23/tesla-elon-musk-ceo-executive-resign-earnings-call-electric-vehicle/,1713995253.0
"Just here to say WOW, FSD is incredible. I am floored at how $99 a month is this good",https://www.reddit.com/r/TSLA/comments/1cdoqmq/just_here_to_say_wow_fsd_is_incredible_i_am/,1714146367.0
TWO US SENATORS SAY NHTSA SHOULD REQUIRE TESLA TO RESTRICT USE OF AUTOPILOT,https://www.reddit.com/r/TSLA/comments/1cdtrvq/two_us_senators_say_nhtsa_should_require_tesla_to/,1714158650.0
Question ,https://www.reddit.com/r/TSLA/comments/1cd6dxh/question/,1714088251.0
Should I sell?,https://www.reddit.com/r/TSLA/comments/1cdclee/should_i_sell/,1714106412.0
Calm down guys,https://www.reddit.com/r/TSLA/comments/1cc6d8k/calm_down_guys/,1713984909.0
TSLT VS TSLA,https://www.reddit.com/r/TSLA/comments/1cck3t0/tslt_vs_tsla/,1714023084.0
"Tesla shorts are running on hopium, hope that no one heard elon at the recent ER",https://www.reddit.com/r/TSLA/comments/1ccura9/tesla_shorts_are_running_on_hopium_hope_that_no/,1714058699.0
Tesla Stock: Why This Could Finally Be The Rebound - Wall Street Trends,https://wallstreettrendingstocks.com/tesla-stock-why-this-could-finally-be-the-rebound/,1714055690.0
This time I do enter the game,https://www.reddit.com/r/TSLA/comments/1cbzh28/this_time_i_do_enter_the_game/,1713968537.0
It will be the end of spider-man,https://www.reddit.com/r/TSLA/comments/1ccxhtk/it_will_be_the_end_of_spiderman/,1714067359.0
Tesla and Boeing Earnings: ‚ÄúHorrific Cash Flow Figures And People Love Them‚Äù Says Jim Cramer - Wall Street Trends,https://wallstreettrendingstocks.com/tesla-and-boeing-earnings-horrific-cash-flow-figures-and-people-love-them-says-jim-cramer/,1713970170.0
TSLA will bounce from here,https://www.reddit.com/r/TSLA/comments/1ccj2ud/tsla_will_bounce_from_here/,1714019457.0
What we saying about the post market right now? ,https://www.reddit.com/r/TSLA/comments/1cbetqf/what_we_saying_about_the_post_market_right_now/,1713903664.0
I'm buying more. Let's see how this ages post earnings.,https://www.reddit.com/r/TSLA/comments/1cb7kmm/im_buying_more_lets_see_how_this_ages_post/,1713886350.0
Tesla Q1 2024 Update [PDF],https://digitalassets.tesla.com/tesla-contents/image/upload/IR/TSLA-Q1-2024-Update.pdf,1713903972.0
Holding?,https://www.reddit.com/r/TSLA/comments/1cbfdty/holding/,1713905005.0
Tesla promises &amp;amp;#x27;more affordable&amp;amp;#x27; cars after shelving all-new Model 2,https://www.reuters.com/business/autos-transportation/teslas-quarterly-revenue-falls-first-time-since-2020-2024-04-23/,1713946805.0
So those who bet against tesla got their balls crushed. Tesla is in a ‚Äòlet him cook‚Äô phase,https://www.reddit.com/r/TSLA/comments/1cc55of/so_those_who_bet_against_tesla_got_their_balls/,1713982033.0
Difficulties in the Chinese market,https://www.reddit.com/r/TSLA/comments/1cb4uad/difficulties_in_the_chinese_market/,1713879418.0
DAY 2 $TSLA - I see this stock going parabolic,https://www.reddit.com/r/TSLA/comments/1cby99h/day_2_tsla_i_see_this_stock_going_parabolic/,1713965443.0
Any hopes for EV companies in today's market?,https://www.reddit.com/r/TSLA/comments/1cb7zu6/any_hopes_for_ev_companies_in_todays_market/,1713887386.0
Post Market jumps,https://www.reddit.com/r/TSLA/comments/1cbraw6/post_market_jumps/,1713939805.0
Congratulations long term holders for a new start! üéâ $250 soon. ,https://www.reddit.com/r/TSLA/comments/1cbf0dh/congratulations_long_term_holders_for_a_new_start/,1713904105.0
[Breaking News] Tesla Begins Insourcing Batteries...Places Order for 'Electrodes' with LG Ensol/Korea Economic TV News,https://www.reddit.com/r/TSLA/comments/1cavz3w/breaking_news_tesla_begins_insourcing/,1713847383.0
This has aged well,https://www.reddit.com/r/TSLA/comments/1cabrlb/this_has_aged_well/,1713794992.0
Elon has given Katy Perry a cybertruck,https://www.reddit.com/r/TSLA/comments/1cax74j/elon_has_given_katy_perry_a_cybertruck/,1713851853.0
Selling at a loss ? üò≠,https://www.reddit.com/r/TSLA/comments/1caanuc/selling_at_a_loss/,1713792172.0
Tesla crash continues as Musk doubles down on 'blindingly obvious' strategy,https://www.thestreet.com/investing/stocks/tesla-crashes-as-musk-doubles-down-on-blindingly-obvious-strategy-shift,1713799539.0
Should I sell a chunk of my shares and buy back after earnings?,https://www.reddit.com/r/TSLA/comments/1ca8lqa/should_i_sell_a_chunk_of_my_shares_and_buy_back/,1713786361.0
Thoughts on the quarter reports.,https://www.reddit.com/r/TSLA/comments/1c9t4kp/thoughts_on_the_quarter_reports/,1713734590.0
The best for tesla,https://www.reddit.com/r/TSLA/comments/1caeo41/the_best_for_tesla/,1713802031.0
Can someone explain to me what the Elon Musk pay package is?,https://www.reddit.com/r/TSLA/comments/1c9hsfa/can_someone_explain_to_me_what_the_elon_musk_pay/,1713705767.0
Should I sell my position and buy back?,https://www.reddit.com/r/TSLA/comments/1c9waov/should_i_sell_my_position_and_buy_back/,1713742871.0
This is how the market moves and Tesla refuses to enter the game,https://www.reddit.com/r/TSLA/comments/1c9ax4k/this_is_how_the_market_moves_and_tesla_refuses_to/,1713679980.0
"Ground floor Tesla employees, how do you feel about Musk pay package? ",https://www.reddit.com/r/TSLA/comments/1c8el3v/ground_floor_tesla_employees_how_do_you_feel/,1713579050.0
Why Elon deserves the $50B pay package and why this whole situation is ridiculous.,https://www.reddit.com/r/TSLA/comments/1c95rrb/why_elon_deserves_the_50b_pay_package_and_why/,1713661948.0
Soap!,https://www.reddit.com/r/TSLA/comments/1c7yfb2/soap/,1713537309.0
How low do you think tsla will go this time? 100?,https://www.reddit.com/r/TSLA/comments/1c7m5b7/how_low_do_you_think_tsla_will_go_this_time_100/,1713494795.0
Gambling,https://www.reddit.com/r/TSLA/comments/1c8ct75/gambling/,1713573621.0
Turbulence Friday,https://www.reddit.com/r/TSLA/comments/1c7neyw/turbulence_friday/,1713498855.0
Is TSLA's earnings being priced in already?,https://www.reddit.com/r/TSLA/comments/1c7lbqy/is_tslas_earnings_being_priced_in_already/,1713492345.0
TSLA is in for a rough ride as the CyberTruck is officially recalled! ,https://www.reddit.com/r/TSLA/comments/1c7wg31/tsla_is_in_for_a_rough_ride_as_the_cybertruck_is/,1713532011.0
"Long term investors, what are your plans for earnings next week?",https://www.reddit.com/r/TSLA/comments/1c722l0/long_term_investors_what_are_your_plans_for/,1713443238.0
0% APR coming soon. It gives boost to the stock,https://www.reddit.com/r/TSLA/comments/1c740yt/0_apr_coming_soon_it_gives_boost_to_the_stock/,1713448711.0
Earnings prediction?,https://www.reddit.com/r/TSLA/comments/1c6sftb/earnings_prediction/,1713407603.0
The Great Tesla Debate: Bryn Talkington vs. Steve Weiss,https://www.reddit.com/r/TSLA/comments/1c6ghwb/the_great_tesla_debate_bryn_talkington_vs_steve/,1713376609.0
Is Tesla ER priced in? ,https://www.reddit.com/r/TSLA/comments/1c6a7kr/is_tesla_er_priced_in/,1713361348.0
Through Tesla Elon is teaching the world fire üî•,https://www.reddit.com/r/TSLA/comments/1c7495h/through_tesla_elon_is_teaching_the_world_fire/,1713449264.0
Tesla to cut more than 10% of its global staff,https://www.cnn.com/2024/04/15/business/tesla-staff-cut/,1713295726.0
Tesla's top engineering executive Drew Baglino leaves in massive leadership loss,https://electrek.co/2024/04/15/tesla-top-engineering-executive-drew-baglino-leaves-leadership-loss/,1713197686.0
Dark days for Tesla,https://www.reddit.com/r/TSLA/comments/1c4rkcu/dark_days_for_tesla/,1713201013.0
Robotaci Profitability,https://www.reddit.com/r/TSLA/comments/1c5w483/robotaci_profitability/,1713313775.0
JB Strauble should be appointed as Elon Musk's replacement,https://www.reddit.com/r/TSLA/comments/1c54qmy/jb_strauble_should_be_appointed_as_elon_musks/,1713233867.0
Anaheim Police are now using Tesla Cars,https://www.reddit.com/r/TSLA/comments/1c528af/anaheim_police_are_now_using_tesla_cars/,1713226774.0
Tesla Set to Lay Off More Than 10% of its Staff for NASDAQ:TSLA by DEXWireNews,https://www.tradingview.com/chart/TSLA/TlPZ6MdA-Tesla-Set-to-Lay-Off-More-Than-10-of-its-Staff/TlPZ6MdA,1713189940.0
Tesla (TSLA) is rumored to be preparing a massive round of layoffs,https://electrek.co/2024/04/14/tesla-rumor-massive-round-layoffs/,1713165335.0
Mass adoption of Autonomy ,https://www.reddit.com/r/TSLA/comments/1c59z8y/mass_adoption_of_autonomy/,1713251888.0
Sink below 150?,https://www.reddit.com/r/TSLA/comments/1c471bq/sink_below_150/,1713136005.0
Earnings call play? What shall we do?! ,https://www.reddit.com/r/TSLA/comments/1c4qhf7/earnings_call_play_what_shall_we_do/,1713198386.0
CyberTruck Deliveries halted over Accelerator Pedal Jamming Issue. ,https://x.com/garageklub/status/1779571445930324456?s=46&amp;t=evp4rs9GYjvbXKynzKHPGw,1713140957.0
Press conspiracy against Tesla,https://www.reddit.com/r/TSLA/comments/1c4in6c/press_conspiracy_against_tesla/,1713176134.0
Hear me out on this.,https://www.reddit.com/r/TSLA/comments/1c3rzkg/hear_me_out_on_this/,1713096202.0
TSLA FSD Subscription,https://www.reddit.com/r/TSLA/comments/1c2leb8/tsla_fsd_subscription/,1712958728.0
Should I buy $440k worth of TSLA options?,https://www.reddit.com/r/TSLA/comments/1c1rxqy/should_i_buy_440k_worth_of_tsla_options/,1712873411.0
Need advice for options ?,https://www.reddit.com/r/TSLA/comments/1c2gdaz/need_advice_for_options/,1712946217.0
Market Saturation,https://www.reddit.com/r/TSLA/comments/1c22rab/market_saturation/,1712905531.0
Long vs Short Traders,https://www.reddit.com/r/TSLA/comments/1c1phcj/long_vs_short_traders/,1712867605.0
The history of Elon Musk's Tesla,https://qz.com/tesla-elon-musk-ev-auto-industry-history-1851366760,1712843971.0
How Many Shares Do You Own,https://www.reddit.com/r/TSLA/comments/1c1hlmy/how_many_shares_do_you_own/,1712848459.0
More Bad News For Tesla,https://jalopnik.com/tesla-sales-expected-to-dip-for-the-rest-of-the-year-1851400079,1712843325.0
"What I assumed would happen and happened, Elon does not learn",https://www.reddit.com/r/TSLA/comments/1bzj1od/what_i_assumed_would_happen_and_happened_elon/,1712635942.0
Hedge funds,https://www.reddit.com/r/TSLA/comments/1c06t5q/hedge_funds/,1712705513.0
Tesla's Bumpy Ride: Navigating Challenges Amidst a Market Plunge for NASDAQ:TSLA by DEXWireNews,https://www.tradingview.com/chart/TSLA/aYS9hk90-Tesla-s-Bumpy-Ride-Navigating-Challenges-Amidst-a-Market-Plunge/aYS9hk90,1712690084.0
Bull flag üòé,https://www.reddit.com/r/TSLA/comments/1c082ml/bull_flag/,1712708934.0
Tesla's Robotaxi Set to be Unveil Amidst Investor Skepticism for NASDAQ:TSLA by DEXWireNews,https://www.tradingview.com/chart/TSLA/Rtu0SQvc-Tesla-s-Robotaxi-Set-to-be-Unveil-Amidst-Investor-Skepticism/Rtu0SQvc,1712586863.0
Musk‚Äôs leadership beginning to splinter Tesla loyalists as car sales drop,https://fortune.com/2024/04/07/elon-musk-tesla-sales-ceo-compensation-twitter-fans/,1712670603.0
Reuters reporter Jin Hyeon-joo's family relationship is interesting.,https://www.reddit.com/r/TSLA/comments/1bzmagp/reuters_reporter_jin_hyeonjoos_family/,1712648018.0
How Hertz‚Äôs Bet on Teslas Went Horribly Sideways,https://www.bloomberg.com/news/features/2024-04-03/hertz-htz-selling-electric-cars-ends-its-failed-tesla-bet,1712594045.0
What‚Äôs wrong with Tesla?,https://www.cnn.com/2024/04/07/business/tesla-ev-sales-slowdown-stock/index.html,1712529481.0
Here's my TSLA analysis after digesting all the info yesterday.  What am I missing / getting wrong?,https://www.reddit.com/r/TSLA/comments/1bx9dky/heres_my_tsla_analysis_after_digesting_all_the/,1712403221.0
Should I Hold or Sell My TSLA Shares?,https://www.reddit.com/r/TSLA/comments/1bx5yox/should_i_hold_or_sell_my_tsla_shares/,1712389624.0
Tesla has fallen into despair,https://www.reddit.com/r/TSLA/comments/1bx1y3f/tesla_has_fallen_into_despair/,1712375304.0
Financial results,https://www.reddit.com/r/TSLA/comments/1bw0mig/financial_results/,1712268665.0
BS not the good BSüêÇ,https://www.reddit.com/r/TSLA/comments/1bwpa7k/bs_not_the_good_bs/,1712341665.0
$TSLA : Analyst who correctly predicted Tesla's stock drop revamps target,https://www.reddit.com/r/TSLA/comments/1bvpok9/tsla_analyst_who_correctly_predicted_teslas_stock/,1712243583.0
TSLA üëéüèº: More BS from Elon to pump up TSLA stock,https://www.reddit.com/r/TSLA/comments/1bwzhf4/tsla_more_bs_from_elon_to_pump_up_tsla_stock/,1712367783.0
Honest question about TSLA car sales,https://www.reddit.com/r/TSLA/comments/1bvi9jv/honest_question_about_tsla_car_sales/,1712220424.0
Gigantic FSD licensing potential,https://www.reddit.com/r/TSLA/comments/1bvnkc1/gigantic_fsd_licensing_potential/,1712238432.0
Another 'Tesla Killer' Acquitted of All Charges: Fisker Prepares To File for Bankruptcy,https://www.autoevolution.com/news/another-tesla-killer-acquitted-of-all-charges-fisker-prepares-to-file-for-bankruptcy-230809.html,1712179890.0
Tesla needs to change its mentality,https://www.reddit.com/r/TSLA/comments/1bw22bf/tesla_needs_to_change_its_mentality/,1712272117.0
Fisker Experiences the Equivalent of a Bank Run As Everyone Wants To Jump Ship,https://www.autoevolution.com/news/fisker-experiences-the-equivalent-of-a-bank-run-as-everyone-wants-to-jump-ship-231523.html,1712179617.0
Alright TSLA dawgs ,https://www.reddit.com/r/TSLA/comments/1bvd4yi/alright_tsla_dawgs/,1712201313.0
how low will tesla go?,https://www.reddit.com/r/TSLA/comments/1bv5s6u/how_low_will_tesla_go/,1712181841.0
$TSLA Ouch!!!,https://www.reddit.com/r/TSLA/comments/1bujj1l/tsla_ouch/,1712117925.0
Tesla Sales Fall Way Short of Estimates in First Drop Since 2020,https://www.bloomberg.com/news/articles/2024-04-02/tesla-sales-miss-in-first-year-over-year-drop-since-pandemic?embedded-checkout=true,1712064846.0
Tesla sales plunge far more than expected,https://www.cnn.com/2024/04/02/business/tesla-sales/,1712073047.0
BYD may hand back top EV seller title to Tesla after Q1 sales decline,https://www.reuters.com/business/autos-transportation/byd-may-hand-back-top-ev-seller-title-tesla-after-q1-sales-decline-2024-04-02/,1712044072.0
Bet on Tsla or Bud ?,https://www.reddit.com/r/TSLA/comments/1buihj2/bet_on_tsla_or_bud/,1712114620.0
https://cnevpost.com/2024/04/02/tesla-regains-bev-crown-over-byd-q1/,https://www.reddit.com/r/TSLA/comments/1bu26lu/httpscnevpostcom20240402teslaregainsbevcrownoverby/,1712073152.0
Tesla Faces Headwinds as Q1 Deliveries Fall: What Lies Ahead? for NASDAQ:TSLA by DEXWireNews,https://www.tradingview.com/chart/TSLA/RX0TufLF-Tesla-Faces-Headwinds-as-Q1-Deliveries-Fall-What-Lies-Ahead/RX0TufLF,1712073219.0
Elon 4D chess,https://www.reddit.com/r/TSLA/comments/1bu236c/elon_4d_chess/,1712072923.0
"Tesla Raises Prices of Model Y Cars in US by $1,000 for NASDAQ:TSLA by DEXWireNews",https://www.tradingview.com/chart/TSLA/AVVF8tbO-Tesla-Raises-Prices-of-Model-Y-Cars-in-US-by-1-000/AVVF8tbO,1711973642.0
Cyber beast,https://www.reddit.com/r/TSLA/comments/1bsrwg6/cyber_beast/,1711937361.0
I owned the Fisker Ocean. It was a nightmare.,https://www.businessinsider.com/fisker-ocean-owner-experience-customer-service-complaints-bugs-2024-3,1711921949.0
Tesla wants to bring 'private 5G' to its EVs and Optimus robot,https://electrek.co/2024/03/26/tesla-private-5g-evs-optimus-robot/,1711662096.0
Tesla is pushing a free one-month trial of its FSD Beta driver-assistance software to US customers,https://techcrunch.com/2024/03/26/tesla-fsd-beta-free-trial-promotion-driver-assistance/,1711660254.0
Tesla Is Raising Vehicle Prices Everywhere But Will Consumers Call Its Bluff?,https://www.investors.com/news/tesla-stock-vehicle-prices-are-increasing-but-will-consumers-care/,1711571337.0
Advertising idea: theft prevention ,https://www.reddit.com/r/TSLA/comments/1borpoo/advertising_idea_theft_prevention/,1711508928.0
I think too much competition now for stock to move like it used to,https://www.reddit.com/r/TSLA/comments/1bp9cfc/i_think_too_much_competition_now_for_stock_to/,1711564694.0
Tesla Offers U.S. Customers Free Trial of its Driver-Assist Tech for NASDAQ:TSLA by DEXWireNews,https://www.tradingview.com/chart/TSLA/6799VlHH-Tesla-Offers-U-S-Customers-Free-Trial-of-its-Driver-Assist-Tech/6799VlHH,1711469934.0
FSD finally making huge progress. ,https://electrek.co/2024/03/25/all-teslas-in-the-us-get-a-one-month-trial-of-fsd-starting-this-week/,1711459109.0
Tesla Must Give Driver-Assist Demonstration With Every US Sale,https://www.bloomberg.com/news/articles/2024-03-25/musk-orders-tesla-driver-assist-testing-before-all-new-sales,1711458962.0
TESLA FSD not only going to be for regular cars.,https://www.reddit.com/r/TSLA/comments/1bo96t5/tesla_fsd_not_only_going_to_be_for_regular_cars/,1711463099.0
"Tesla comes back to Facebook, even sends cash into Zuck‚Äôs pocket",https://www.reddit.com/r/TSLA/comments/1bobeu5/tesla_comes_back_to_facebook_even_sends_cash_into/,1711468793.0
FSR Stock Plunges as Large Automaker Terminates Negotiations with Fisker,https://investorplace.com/2024/03/fsr-stock-plunges-as-large-automaker-terminates-negotiations-with-fisker/,1711398440.0
Time Share Sales tactics for FSD? And going back to FB?,https://www.reddit.com/r/TSLA/comments/1bofzrj/time_share_sales_tactics_for_fsd_and_going_back/,1711479805.0
